feature,type,psi,status
application_type,categorical,0.22633973614328776,moderate
revol_util,numeric,0.0977549172318851,stable
int_rate,numeric,0.08356270209032557,stable
purpose,categorical,0.04440197685298358,stable
addr_state,categorical,0.03785324728628283,stable
installment_to_income,numeric,0.028044011206453202,stable
loan_to_income,numeric,0.021860645751019588,stable
installment,numeric,0.021551637189284385,stable
revol_bal,numeric,0.019318061482607243,stable
mort_acc,numeric,0.015557941694151707,stable
loan_amnt,numeric,0.015485904470334856,stable
inq_last_6mths,numeric,0.013679148350462722,stable
verification_status,categorical,0.013566353213274191,stable
home_ownership,categorical,0.010507515527033011,stable
pub_rec,numeric,0.010060598755057914,stable
fico_avg,numeric,0.010042450546017365,stable
annual_inc,numeric,0.009001266447795427,stable
pub_rec_bankruptcies,numeric,0.008438723708328948,stable
grade,categorical,0.007618022020115939,stable
dti,numeric,0.007194701804307323,stable
emp_length_years,numeric,0.005957039170806086,stable
total_acc,numeric,0.00573300609875053,stable
open_acc,numeric,0.005564070950268621,stable
credit_history_years,numeric,0.003855582001006941,stable
delinq_2yrs,numeric,0.00021510047900890144,stable
term_months,numeric,0.0,stable
