feature,mean_abs_shap
int_rate,0.29942676
term_months,0.19881614
fico_avg,0.14239067
dti,0.120377876
open_acc,0.08837608
grade_A,0.08809543
mort_acc,0.07765233
grade_B,0.076642394
inq_last_6mths,0.07033427
loan_to_income,0.069803886
revol_bal,0.064451754
home_ownership_RENT,0.06131989
home_ownership_MORTGAGE,0.053124633
total_acc,0.05222846
emp_length_years,0.046807334
annual_inc,0.043132387
loan_amnt,0.03515573
installment_to_income,0.032469317
credit_history_years,0.032421194
verification_status_Not Verified,0.029299907
revol_util,0.024735386
installment,0.02120939
grade_C,0.016733058
addr_state_WA,0.014745254
purpose_credit_card,0.013890992
addr_state_CO,0.013634245
verification_status_Source Verified,0.013107467
pub_rec,0.012209987
addr_state_CA,0.012200857
addr_state_NY,0.011084119
addr_state_OR,0.009555686
delinq_2yrs,0.009323371
grade_D,0.008886588
purpose_debt_consolidation,0.008632548
purpose_small_business,0.0084410105
addr_state_GA,0.008408806
addr_state_infrequent_sklearn,0.0073584775
addr_state_SC,0.007012694
addr_state_FL,0.0067839413
pub_rec_bankruptcies,0.005486223
purpose_other,0.0049375016
verification_status_Verified,0.004780333
purpose_home_improvement,0.004661759
addr_state_MD,0.004463516
addr_state_NJ,0.0043628677
grade_E,0.0041160923
addr_state_IL,0.004116
addr_state_CT,0.0040449197
addr_state_LA,0.0038397058
application_type_Individual,0.0031692623
addr_state_UT,0.0025884828
addr_state_KS,0.0025049464
addr_state_AR,0.0024147537
purpose_house,0.002373913
addr_state_NV,0.002291262
addr_state_TX,0.002245885
addr_state_OK,0.0020426777
addr_state_IN,0.0019104098
addr_state_MI,0.0019103211
purpose_medical,0.0018609912
home_ownership_OWN,0.0018544875
addr_state_AL,0.0018294846
addr_state_MA,0.0017303926
addr_state_TN,0.0016918936
addr_state_MO,0.0014970123
purpose_car,0.0014867462
purpose_vacation,0.0013295332
addr_state_NC,0.0011674176
purpose_major_purchase,0.0010613742
addr_state_VA,0.0010306693
addr_state_WI,0.0009570547
grade_F,0.00087581394
application_type_Joint App,0.0007777517
purpose_moving,0.00069661194
addr_state_OH,0.00066293846
addr_state_KY,0.0006274175
addr_state_PA,0.0004173346
grade_G,0.00033259855
addr_state_MN,0.00025861702
addr_state_AZ,0.00018140288
purpose_infrequent_sklearn,0.00014021693
addr_state_NM,0.00013898569
home_ownership_infrequent_sklearn,2.2003356e-05
